patient_id,patient_admission_date,patient_first_initial,patient_last_name,patient_gender,patient_age,patient_race,department_referral,patient_admission_flag,patient_satisfaction_score,patient_wait_time
P0001,2025-02-17 12:12:38,F,Ramirez,Male,12,Hispanic or Latino,Pulmonology,Not Admitted,5.8,184
P0002,2025-07-05 02:39:31,G,Marshall,Female,76,Black or African American,Nephrology,Not Admitted,8.4,225
P0003,2025-11-29 06:09:29,V,Morgan,Female,44,White,Pulmonology,Admitted,5.2,108
P0004,2024-02-13 08:35:00,N,Cox,Male,69,White,Dermatology,Admitted,6.4,18
P0005,2025-01-01 04:13:58,W,Morris,Female,57,American Indian,Neurology,Admitted,1.3,10
P0006,2024-06-24 15:43:52,N,King,Female,81,White,Neurology,Not Admitted,6.6,102
P0007,2024-12-03 04:33:25,G,Harris,Female,57,Hispanic or Latino,Gastroenterology,Not Admitted,8.4,37
P0008,2024-12-28 22:30:59,B,Phillips,Female,92,American Indian,Nephrology,Admitted,6.5,109
P0009,2024-05-07 03:07:09,J,Cook,Non-binary,53,Black or African American,Pediatrics,Not Admitted,7.9,209
P0010,2024-08-27 08:07:54,L,Murphy,Female,65,Hispanic or Latino,Cardiology,Admitted,4.0,101
P0011,2025-02-12 10:52:51,M,Jordan,Male,48,American Indian,Orthopedics,Admitted,8.9,100
P0012,2025-02-12 14:14:19,U,Gray,Female,40,White,Rheumatology,Not Admitted,3.0,212
P0013,2025-12-29 21:45:15,M,Patterson,Male,11,Asian,General Surgery,Not Admitted,1.6,80
P0014,2025-12-02 10:50:30,R,Turner,Female,33,Asian,Oncology,Not Admitted,9.7,216
P0015,2025-09-17 05:18:24,V,Wells,Male,44,Black or African American,Emergency,Admitted,7.0,182
P0016,2024-10-29 06:57:42,V,Reed,Female,34,Two or More Races,General Surgery,Admitted,4.7,225
P0017,2024-12-19 21:25:00,D,Ramos,Female,1,American Indian,Oncology,Admitted,5.6,211
P0018,2025-03-30 06:16:47,X,Cruz,Male,68,Two or More Races,Psychiatry,Not Admitted,2.8,10
P0019,2024-04-17 09:04:37,B,Harris,Male,48,American Indian,Endocrinology,Not Admitted,2.7,30
P0020,2025-02-08 12:50:11,I,Porter,Male,17,Asian,Rheumatology,Not Admitted,4.8,188
P0021,2024-07-02 11:16:13,I,Hunter,Female,90,Asian,Neurology,Not Admitted,6.2,165
P0022,2025-05-02 21:10:04,R,Brooks,Non-binary,67,White,Orthopedics,Not Admitted,8.2,23
P0023,2024-12-09 20:46:00,S,Hunt,Male,2,American Indian,Emergency,Not Admitted,3.4,39
P0024,2025-08-25 01:25:02,B,Diaz,Female,72,Unknown,Oncology,Admitted,8.5,19
P0025,2025-12-13 13:14:51,G,Mitchell,Female,35,Hispanic or Latino,Endocrinology,Not Admitted,1.6,240
P0026,2024-07-21 17:11:44,L,Hunt,Male,87,White,Pulmonology,Admitted,8.4,43
P0027,2025-07-12 02:02:48,Q,West,Male,92,Black or African American,Psychiatry,Admitted,4.1,18
P0028,2024-12-16 20:27:12,J,Morgan,Female,19,Asian,Endocrinology,Admitted,3.1,239
P0029,2025-11-29 03:50:50,H,Webb,Female,78,Unknown,Orthopedics,Admitted,8.9,219
P0030,2024-06-19 14:23:16,K,Thomas,Female,3,Hispanic or Latino,Neurology,Admitted,9.5,230
P0031,2024-10-19 17:18:18,D,Warren,Male,10,White,Emergency,Admitted,6.5,86
P0032,2024-12-08 21:20:51,B,Cole,Female,79,Black or African American,Gastroenterology,Admitted,7.2,9
P0033,2024-10-22 23:25:26,Q,Ramirez,Male,53,White,Pediatrics,Admitted,6.8,46
P0034,2025-08-03 03:27:00,S,Davis,Female,17,Black or African American,Endocrinology,Not Admitted,1.6,230
P0035,2024-09-17 05:37:48,N,Collins,Male,83,White,Gastroenterology,Not Admitted,9.4,119
P0036,2024-03-16 05:37:14,K,Freeman,Male,79,White,Emergency,Admitted,3.1,151
P0037,2025-05-11 06:45:54,D,Freeman,Female,23,Black or African American,Dermatology,Admitted,2.6,180
P0038,2024-09-19 05:41:33,V,Reyes,Female,70,White,Pediatrics,Admitted,5.7,180
P0039,2025-12-22 13:25:33,R,Young,Male,42,Unknown,Psychiatry,Not Admitted,5.5,29
P0040,2025-10-04 00:02:27,B,Simmons,Male,7,Two or More Races,Oncology,Admitted,3.4,176
P0041,2024-09-18 00:36:33,J,Cooper,Female,15,Black or African American,Emergency,Not Admitted,2.3,83
P0042,2025-06-27 08:12:28,B,Miller,Male,19,American Indian,Orthopedics,Not Admitted,1.2,86
P0043,2025-01-19 07:34:09,Y,Young,Male,23,Black or African American,Pediatrics,Not Admitted,6.6,199
P0044,2024-03-13 20:00:27,D,Freeman,Male,94,Hispanic or Latino,Dermatology,Not Admitted,6.0,101
P0045,2025-07-26 20:16:20,W,Hayes,Female,35,American Indian,Pediatrics,Admitted,9.4,61
P0046,2024-09-30 10:39:06,I,Washington,Female,32,Black or African American,Dermatology,Not Admitted,5.7,159
P0047,2024-09-25 02:49:24,D,Jones,Male,91,Asian,General Surgery,Not Admitted,5.6,65
P0048,2025-09-11 22:34:59,D,Powell,Male,27,White,Psychiatry,Not Admitted,5.1,130
P0049,2024-12-12 19:05:44,A,Jackson,Female,82,Black or African American,Rheumatology,Not Admitted,2.7,231
P0050,2025-11-09 21:37:37,A,Garcia,Male,42,Black or African American,Pediatrics,Admitted,1.1,115
P0051,2024-10-20 05:53:08,Y,Powell,Non-binary,91,Asian,Orthopedics,Not Admitted,8.6,197
P0052,2025-03-04 12:40:06,C,Ross,Female,39,Hispanic or Latino,Rheumatology,Admitted,7.8,191
P0053,2024-05-06 01:47:38,C,Price,Male,17,Hispanic or Latino,Psychiatry,Not Admitted,3.0,225
P0054,2025-05-28 09:53:28,I,Ramos,Male,24,Asian,Oncology,Admitted,2.7,135
P0055,2024-05-11 16:14:39,L,Shaw,Male,72,Asian,Nephrology,Admitted,6.2,91
P0056,2025-02-13 18:50:05,A,Ortiz,Male,59,White,Orthopedics,Admitted,2.8,27
P0057,2024-09-04 09:12:07,E,Wood,Female,23,Unknown,Gastroenterology,Admitted,1.8,33
P0058,2024-11-27 00:53:13,J,Harrison,Male,6,Asian,Endocrinology,Not Admitted,5.3,162
P0059,2024-12-23 06:22:08,B,Bryant,Female,71,Two or More Races,Pediatrics,Admitted,8.3,165
P0060,2025-06-19 19:27:45,P,Morris,Female,72,Black or African American,Pulmonology,Not Admitted,1.2,160
P0061,2025-08-30 11:09:08,N,Thomas,Male,41,Two or More Races,Gastroenterology,Not Admitted,8.5,49
P0062,2025-07-20 10:44:49,W,Adams,Female,38,White,Endocrinology,Not Admitted,4.8,167
P0063,2024-06-10 01:11:40,C,Henry,Male,70,American Indian,General Surgery,Not Admitted,6.3,218
P0064,2025-01-21 08:06:58,G,Ford,Male,34,Two or More Races,Orthopedics,Admitted,4.3,85
P0065,2025-08-30 07:37:07,T,Long,Non-binary,36,Asian,Neurology,Admitted,7.0,220
P0066,2024-05-12 09:44:42,Z,Miller,Female,69,Hispanic or Latino,Neurology,Admitted,4.7,146
P0067,2024-05-11 08:19:27,X,Jordan,Male,45,White,Dermatology,Admitted,5.3,21
P0068,2025-05-26 09:15:49,Q,Taylor,Male,9,Hispanic or Latino,Gastroenterology,Admitted,9.7,95
P0069,2025-07-02 01:04:00,G,Brown,Male,83,American Indian,Nephrology,Not Admitted,5.5,188
P0070,2024-01-04 06:46:02,T,Peterson,Male,82,Asian,Neurology,Admitted,9.7,239
P0071,2025-07-16 14:18:53,T,Garcia,Female,93,Unknown,Cardiology,Not Admitted,1.5,13
P0072,2025-12-04 07:36:25,L,Dixon,Female,37,American Indian,Emergency,Admitted,7.2,13
P0073,2024-12-03 18:52:23,R,Richardson,Female,87,Hispanic or Latino,Neurology,Not Admitted,5.3,25
P0074,2025-02-02 22:26:46,I,Flores,Male,72,Black or African American,Nephrology,Admitted,7.3,64
P0075,2024-06-26 21:56:45,A,Sanchez,Female,29,Hispanic or Latino,Oncology,Not Admitted,4.5,107
P0076,2024-06-14 08:23:50,F,Johnson,Male,60,Asian,Oncology,Not Admitted,6.7,192
P0077,2025-10-08 05:20:36,E,Jackson,Female,72,Two or More Races,Psychiatry,Admitted,8.2,124
P0078,2024-08-05 16:07:50,W,Fisher,Non-binary,55,American Indian,Emergency,Not Admitted,9.8,185
P0079,2024-03-06 02:14:40,Y,Sanders,Female,50,Black or African American,Pediatrics,Not Admitted,9.6,63
P0080,2024-12-15 02:11:03,X,Harris,Male,61,Asian,Pediatrics,Not Admitted,4.9,134
P0081,2024-01-08 05:41:35,U,Gomez,Female,83,Asian,Emergency,Not Admitted,7.6,48
P0082,2025-09-29 04:30:36,L,Campbell,Female,57,Asian,Neurology,Not Admitted,7.2,129
P0083,2025-09-03 19:19:34,O,Hunter,Female,62,White,Endocrinology,Not Admitted,2.7,93
P0084,2025-05-16 00:24:27,K,Martin,Female,17,Unknown,Orthopedics,Not Admitted,9.6,198
P0085,2024-01-01 03:08:37,X,Bailey,Male,29,Unknown,Nephrology,Not Admitted,1.2,185
P0086,2024-03-02 01:49:12,B,Rivera,Male,78,Black or African American,Pediatrics,Admitted,2.7,72
P0087,2025-05-02 11:53:23,L,Griffin,Male,3,Two or More Races,Dermatology,Admitted,2.5,15
P0088,2024-08-06 12:58:51,J,Wallace,Male,91,Two or More Races,Dermatology,Not Admitted,6.9,206
P0089,2025-10-22 15:41:31,A,Crawford,Male,69,American Indian,Orthopedics,Not Admitted,2.0,12
P0090,2025-03-10 22:59:59,L,Smith,Male,46,Hispanic or Latino,Psychiatry,Not Admitted,7.1,86
P0091,2024-09-28 12:10:38,H,Butler,Female,69,White,Orthopedics,Not Admitted,1.6,25
P0092,2025-11-28 06:07:22,M,Gonzales,Non-binary,32,White,Rheumatology,Admitted,6.0,210
P0093,2025-07-29 12:10:53,U,Johnson,Female,41,Black or African American,General Surgery,Not Admitted,5.5,208
P0094,2024-07-02 05:56:45,S,Garcia,Female,20,White,Oncology,Not Admitted,5.2,20
P0095,2024-05-20 09:41:22,S,Wood,Male,31,White,Pediatrics,Not Admitted,4.9,33
P0096,2025-09-04 02:51:35,F,Smith,Female,88,Black or African American,Emergency,Not Admitted,4.5,40
P0097,2025-09-22 07:13:59,N,Burns,Male,54,Unknown,Pediatrics,Not Admitted,9.5,232
P0098,2024-10-15 16:02:45,G,Diaz,Non-binary,95,Black or African American,Orthopedics,Admitted,2.6,55
P0099,2024-10-05 13:00:04,C,Reed,Male,12,White,Orthopedics,Admitted,1.7,190
P0100,2024-10-02 11:49:23,F,Webb,Male,7,Asian,Neurology,Not Admitted,2.8,123
P0101,2024-11-24 02:22:11,W,Butler,Female,40,American Indian,Cardiology,Admitted,7.0,16
P0102,2025-06-11 17:20:47,U,Watson,Female,15,Hispanic or Latino,Rheumatology,Not Admitted,7.7,36
P0103,2024-02-04 05:30:51,D,Bell,Male,22,Two or More Races,General Surgery,Admitted,6.3,224
P0104,2024-09-28 02:50:15,G,Shaw,Female,69,White,Endocrinology,Not Admitted,7.1,121
P0105,2025-09-26 08:47:36,I,Shaw,Male,72,Unknown,Pulmonology,Not Admitted,5.8,197
P0106,2025-05-04 07:50:32,T,Hill,Female,9,Unknown,Endocrinology,Admitted,2.5,65
P0107,2025-06-24 04:33:37,N,Long,Female,37,Asian,Neurology,Not Admitted,8.9,158
P0108,2024-02-23 02:38:12,Y,Burns,Female,47,Black or African American,Neurology,Not Admitted,4.1,223
P0109,2025-04-19 05:21:23,V,Kelly,Male,36,Hispanic or Latino,Pediatrics,Admitted,7.6,128
P0110,2025-12-15 18:08:30,I,Bennett,Male,23,Black or African American,Psychiatry,Not Admitted,7.8,138
P0111,2025-04-15 08:01:54,L,Brown,Female,49,Unknown,Neurology,Not Admitted,6.1,40
P0112,2025-02-02 16:54:36,T,Bell,Female,25,Black or African American,Rheumatology,Admitted,8.1,31
P0113,2025-05-08 03:38:56,N,Washington,Female,52,Unknown,Psychiatry,Not Admitted,10.0,161
P0114,2024-03-26 14:37:55,S,Wallace,Male,42,White,Pulmonology,Admitted,6.8,35
P0115,2024-06-14 23:15:45,J,Howard,Female,73,Asian,Nephrology,Admitted,3.8,102
P0116,2025-11-16 14:53:16,X,Harris,Male,76,White,Orthopedics,Not Admitted,2.7,116
P0117,2025-12-06 19:09:13,S,Gomez,Female,14,White,Orthopedics,Not Admitted,8.1,41
P0118,2024-08-25 16:59:04,C,Ellis,Male,38,Asian,Pediatrics,Not Admitted,6.3,234
P0119,2025-08-26 19:20:46,F,Simpson,Male,30,Black or African American,General Surgery,Not Admitted,5.3,230
P0120,2025-01-17 22:24:22,C,Gordon,Male,63,American Indian,Endocrinology,Admitted,5.0,229
P0121,2025-03-13 17:03:43,G,Green,Male,81,Asian,Dermatology,Admitted,2.7,24
P0122,2024-09-11 17:41:24,F,Parker,Female,41,Asian,Endocrinology,Not Admitted,7.3,154
P0123,2025-08-09 20:30:02,Y,Cooper,Male,52,Unknown,Pulmonology,Admitted,1.1,85
P0124,2025-07-03 10:12:17,L,Roberts,Male,38,Asian,Emergency,Not Admitted,9.3,178
P0125,2024-06-10 00:04:52,S,Gordon,Male,41,American Indian,Rheumatology,Not Admitted,5.2,223
P0126,2024-02-16 15:11:10,J,Cole,Male,25,Two or More Races,Oncology,Not Admitted,6.1,156
P0127,2025-02-09 01:12:38,C,Dixon,Female,28,Black or African American,Pulmonology,Not Admitted,4.0,126
P0128,2025-05-27 03:28:45,T,Edwards,Male,68,Black or African American,General Surgery,Admitted,8.3,70
P0129,2024-05-19 20:09:01,I,Jenkins,Male,26,Asian,Dermatology,Not Admitted,1.9,132
P0130,2025-10-14 23:51:03,V,Wallace,Male,17,Hispanic or Latino,Cardiology,Admitted,8.1,38
P0131,2025-03-18 16:00:21,Q,Freeman,Female,49,Two or More Races,Rheumatology,Not Admitted,8.8,201
P0132,2024-03-09 11:36:45,F,Evans,Female,5,American Indian,Emergency,Not Admitted,1.3,181
P0133,2024-10-23 08:09:46,C,Kelly,Female,37,White,Gastroenterology,Admitted,6.5,116
P0134,2025-06-18 03:19:32,D,Hunter,Male,18,Unknown,Emergency,Admitted,3.9,135
P0135,2024-09-22 13:04:13,S,Kennedy,Female,45,Two or More Races,Pulmonology,Not Admitted,9.0,202
P0136,2025-05-11 20:07:38,A,Morris,Female,9,Black or African American,Emergency,Not Admitted,5.7,232
P0137,2025-08-26 20:47:52,M,Simpson,Male,64,American Indian,Emergency,Not Admitted,8.3,119
P0138,2024-05-05 00:37:03,K,Reynolds,Male,31,Hispanic or Latino,Oncology,Admitted,9.1,153
P0139,2024-02-22 02:20:50,S,Griffin,Female,25,Black or African American,Pediatrics,Not Admitted,9.6,58
P0140,2024-02-19 18:02:46,Z,Smith,Male,56,Asian,Oncology,Not Admitted,2.7,62
P0141,2025-03-06 07:47:53,S,Coleman,Female,30,Unknown,Orthopedics,Not Admitted,9.5,5
P0142,2024-03-25 02:38:43,T,Jackson,Female,85,Asian,Neurology,Admitted,5.9,27
P0143,2025-09-01 22:57:15,L,Webb,Female,53,Black or African American,Oncology,Not Admitted,2.8,83
P0144,2025-01-27 14:49:51,I,Myers,Female,78,American Indian,Gastroenterology,Admitted,7.6,183
P0145,2025-10-17 17:08:23,G,Marshall,Female,34,Asian,Gastroenterology,Not Admitted,3.7,83
P0146,2025-01-01 06:16:11,J,Baker,Male,38,Asian,Endocrinology,Admitted,7.9,227
P0147,2024-05-05 12:11:25,D,Hunter,Female,30,White,Cardiology,Not Admitted,6.3,180
P0148,2025-09-13 06:02:06,B,Simmons,Female,30,American Indian,Oncology,Admitted,7.2,184
P0149,2024-12-05 18:52:25,D,Baker,Male,23,Black or African American,Gastroenterology,Admitted,6.9,6
P0150,2024-05-29 17:34:55,Q,Torres,Female,45,Black or African American,Oncology,Admitted,8.4,200
P0151,2024-01-27 11:21:16,D,Thompson,Male,47,Two or More Races,Oncology,Not Admitted,9.2,232
P0152,2025-10-02 06:20:18,M,Henderson,Female,12,American Indian,General Surgery,Admitted,4.0,5
P0153,2025-05-26 17:56:06,L,Parker,Male,56,Asian,Emergency,Admitted,4.6,128
P0154,2025-04-29 12:20:28,T,Freeman,Male,62,Hispanic or Latino,Orthopedics,Admitted,6.3,44
P0155,2025-05-19 09:10:51,O,Black,Male,2,American Indian,Oncology,Admitted,1.0,22
P0156,2025-08-16 00:03:27,M,Butler,Female,85,Asian,Orthopedics,Admitted,5.0,36
P0157,2025-03-15 14:13:53,E,Martin,Female,1,Hispanic or Latino,Cardiology,Admitted,1.4,49
P0158,2024-02-02 12:36:04,K,Torres,Female,29,Two or More Races,Emergency,Not Admitted,8.9,35
P0159,2025-06-12 08:45:01,B,Russell,Non-binary,18,Hispanic or Latino,Endocrinology,Admitted,5.0,155
P0160,2025-11-24 17:11:29,D,Carter,Male,35,Unknown,Neurology,Admitted,8.9,234
P0161,2025-04-15 12:12:47,L,Bryant,Male,39,Black or African American,Psychiatry,Not Admitted,8.0,19
P0162,2025-09-13 17:44:07,Q,Simmons,Female,76,White,Cardiology,Admitted,4.4,78
P0163,2024-06-26 11:04:06,E,Cole,Female,26,Two or More Races,Gastroenterology,Admitted,9.3,129
P0164,2025-06-01 00:08:35,E,Cruz,Male,42,White,General Surgery,Admitted,5.8,106
P0165,2025-02-02 06:07:08,J,Freeman,Female,67,American Indian,Endocrinology,Admitted,3.2,107
P0166,2024-01-06 03:18:14,X,Brooks,Female,78,American Indian,Dermatology,Not Admitted,1.2,209
P0167,2025-06-21 09:13:44,B,Mitchell,Female,5,American Indian,Emergency,Admitted,3.9,201
P0168,2024-07-30 08:26:12,O,Torres,Male,84,Two or More Races,Neurology,Not Admitted,1.8,186
P0169,2024-07-11 15:22:15,U,Murray,Male,54,Unknown,Rheumatology,Admitted,7.2,237
P0170,2024-05-17 00:44:18,P,Bennett,Male,31,Two or More Races,Oncology,Admitted,6.0,191
P0171,2024-09-01 12:15:47,C,Porter,Female,68,Asian,Neurology,Admitted,3.1,196
P0172,2025-07-03 14:59:04,M,Cox,Female,46,Asian,Orthopedics,Admitted,8.7,89
P0173,2024-11-27 00:47:28,O,Diaz,Male,88,Asian,Rheumatology,Admitted,5.0,103
P0174,2024-04-23 08:53:34,C,Phillips,Male,94,Two or More Races,Psychiatry,Admitted,3.9,86
P0175,2025-09-18 20:22:55,B,Diaz,Male,67,Black or African American,Pediatrics,Admitted,1.4,127
P0176,2025-09-06 21:26:10,N,Crawford,Female,25,Hispanic or Latino,Pulmonology,Not Admitted,7.9,18
P0177,2024-04-11 06:49:28,Z,Simpson,Female,74,Unknown,Pulmonology,Not Admitted,1.1,189
P0178,2025-01-29 12:01:19,L,Anderson,Female,59,Black or African American,Oncology,Not Admitted,4.0,52
P0179,2024-11-13 11:39:57,M,Reynolds,Male,26,Asian,Endocrinology,Not Admitted,1.6,116
P0180,2025-12-04 14:53:10,R,Hayes,Male,24,Two or More Races,Cardiology,Admitted,1.3,174
P0181,2025-08-03 10:53:54,H,Harrison,Male,40,White,Emergency,Not Admitted,1.6,219
P0182,2024-09-25 04:53:17,T,Wood,Male,58,American Indian,Psychiatry,Not Admitted,2.9,143
P0183,2024-01-11 04:44:47,V,Jackson,Female,63,Black or African American,Orthopedics,Admitted,1.5,7
P0184,2025-06-13 05:37:43,I,Green,Male,41,Hispanic or Latino,Rheumatology,Admitted,9.0,222
P0185,2024-08-10 09:44:11,Z,Baker,Male,74,Two or More Races,Cardiology,Admitted,8.2,205
P0186,2024-02-22 16:09:05,L,Thomas,Female,12,Asian,Cardiology,Admitted,4.1,104
P0187,2024-01-26 15:05:19,D,Jackson,Male,63,Black or African American,Rheumatology,Admitted,8.6,53
P0188,2024-06-06 17:56:00,J,Holmes,Male,23,Two or More Races,Rheumatology,Not Admitted,9.7,224
P0189,2025-09-27 15:32:42,A,Perez,Female,45,American Indian,Pediatrics,Admitted,4.1,115
P0190,2025-12-31 23:12:07,A,Gordon,Female,12,Hispanic or Latino,Rheumatology,Admitted,7.6,100
P0191,2025-11-07 17:23:48,J,Johnson,Male,7,Two or More Races,Pediatrics,Not Admitted,3.1,171
P0192,2025-09-08 17:06:41,G,Fisher,Female,61,Hispanic or Latino,Gastroenterology,Not Admitted,3.6,221
P0193,2024-09-22 13:28:34,K,Bennett,Female,29,Hispanic or Latino,Nephrology,Not Admitted,1.4,74
P0194,2025-02-15 14:00:48,E,Crawford,Male,71,Black or African American,Endocrinology,Not Admitted,5.6,70
P0195,2025-01-10 12:56:27,I,Hamilton,Female,25,Black or African American,Rheumatology,Not Admitted,5.9,164
P0196,2025-06-18 22:09:28,D,Cook,Female,38,White,Psychiatry,Admitted,4.7,240
P0197,2025-02-19 20:50:47,R,Wells,Female,81,Asian,Orthopedics,Admitted,3.4,156
P0198,2025-07-20 04:20:59,I,Myers,Male,84,Black or African American,Pulmonology,Admitted,4.7,152
P0199,2024-12-21 10:28:36,Q,Murphy,Female,10,Asian,Nephrology,Not Admitted,3.9,39
P0200,2024-01-02 13:21:14,B,Henderson,Male,3,Hispanic or Latino,Neurology,Not Admitted,6.3,50
P0201,2024-05-01 15:51:11,R,Bell,Male,52,Unknown,Orthopedics,Admitted,7.2,27
P0202,2025-05-21 02:09:29,Q,Barnes,Female,37,Two or More Races,Rheumatology,Not Admitted,4.9,113
P0203,2024-07-23 03:09:29,Y,Robertson,Female,15,Black or African American,Gastroenterology,Admitted,4.2,224
P0204,2025-04-30 20:46:45,F,Long,Male,68,Asian,Dermatology,Not Admitted,1.3,73
P0205,2024-09-11 03:25:48,D,Morris,Male,14,Black or African American,Dermatology,Not Admitted,7.2,144
P0206,2024-09-21 20:02:35,G,Crawford,Male,19,Black or African American,Orthopedics,Admitted,2.2,167
P0207,2024-11-06 23:39:20,B,Mason,Female,42,Asian,Neurology,Not Admitted,6.9,43
P0208,2025-08-08 05:55:50,I,Freeman,Female,12,Two or More Races,Dermatology,Admitted,7.1,65
P0209,2025-05-18 09:46:33,R,Patterson,Female,31,American Indian,General Surgery,Admitted,5.4,55
P0210,2024-01-30 17:15:03,A,Garcia,Female,58,Unknown,Pediatrics,Not Admitted,8.8,119
P0211,2025-10-29 02:04:05,D,Thompson,Male,79,American Indian,Oncology,Not Admitted,9.0,203
P0212,2024-11-09 10:24:35,I,Cruz,Male,6,White,Cardiology,Not Admitted,7.2,151
P0213,2024-04-01 22:29:40,S,Palmer,Female,27,Two or More Races,Cardiology,Admitted,9.8,62
P0214,2025-12-14 13:34:06,S,Alexander,Female,45,Asian,Orthopedics,Admitted,7.8,42
P0215,2024-04-02 11:04:51,T,Cole,Female,90,Two or More Races,Nephrology,Not Admitted,4.2,140
P0216,2025-11-13 19:12:28,V,Anderson,Female,39,Black or African American,Orthopedics,Admitted,8.5,51
P0217,2024-01-21 13:03:40,R,King,Male,64,Two or More Races,Nephrology,Admitted,7.0,172
P0218,2024-04-08 22:04:44,Q,Jordan,Female,46,Black or African American,Emergency,Admitted,2.1,95
P0219,2025-11-22 11:55:45,J,Cook,Female,56,Black or African American,Psychiatry,Admitted,7.4,147
P0220,2025-11-09 01:46:45,W,Cox,Female,13,White,Nephrology,Not Admitted,3.8,216
P0221,2024-09-16 01:14:07,U,Porter,Male,12,Asian,Neurology,Admitted,1.9,52
P0222,2025-08-02 18:35:01,O,Johnson,Male,47,Unknown,Psychiatry,Admitted,9.9,173
P0223,2024-02-10 19:43:25,F,Wood,Male,13,Unknown,Cardiology,Not Admitted,6.7,161
P0224,2024-05-18 02:29:58,P,Cruz,Male,86,Unknown,Pediatrics,Not Admitted,2.6,126
P0225,2025-12-14 21:43:03,V,Anderson,Female,23,American Indian,Emergency,Admitted,9.9,71
P0226,2025-06-21 12:39:54,F,Graham,Female,28,Hispanic or Latino,Orthopedics,Admitted,3.1,182
P0227,2025-07-26 21:52:28,Z,Johnson,Female,10,Two or More Races,Nephrology,Admitted,3.5,120
P0228,2025-08-13 02:18:39,I,Evans,Male,82,Two or More Races,Gastroenterology,Not Admitted,7.9,43
P0229,2025-04-08 06:28:15,J,Anderson,Female,24,Unknown,Nephrology,Admitted,8.8,72
P0230,2025-11-04 21:45:54,Y,Cruz,Female,42,Two or More Races,Neurology,Not Admitted,8.9,120
P0231,2024-05-15 15:36:12,C,Bryant,Male,50,Asian,Pediatrics,Admitted,6.9,124
P0232,2024-05-11 07:15:40,L,Black,Female,32,Asian,Dermatology,Admitted,1.0,19
P0233,2025-09-20 06:17:50,R,Mitchell,Non-binary,82,White,Neurology,Not Admitted,5.5,233
P0234,2024-01-15 22:34:06,Q,Russell,Male,11,American Indian,Oncology,Not Admitted,1.8,231
P0235,2025-11-20 10:32:43,X,Garcia,Male,67,Two or More Races,Dermatology,Not Admitted,8.6,191
P0236,2024-10-28 09:04:54,M,Jones,Female,68,Black or African American,Neurology,Not Admitted,1.6,12
P0237,2025-07-07 23:24:00,Z,Martin,Female,56,Black or African American,Cardiology,Not Admitted,3.8,171
P0238,2025-05-23 13:55:00,A,Harrison,Male,28,Black or African American,Nephrology,Admitted,8.2,87
P0239,2024-11-25 04:07:01,Z,Ramos,Female,83,Unknown,Pulmonology,Not Admitted,2.8,53
P0240,2024-09-27 17:27:10,P,Shaw,Female,26,Two or More Races,Psychiatry,Not Admitted,9.4,160
P0241,2025-03-26 15:57:50,K,Rice,Male,62,Black or African American,Dermatology,Not Admitted,2.0,182
P0242,2025-06-30 01:02:45,P,James,Female,52,Hispanic or Latino,Cardiology,Admitted,8.8,63
P0243,2024-06-11 05:22:13,K,Jordan,Male,38,Two or More Races,Rheumatology,Not Admitted,4.3,128
P0244,2025-06-19 10:56:18,A,Simpson,Female,52,Asian,Pulmonology,Not Admitted,6.8,226
P0245,2024-03-08 23:24:17,S,Myers,Male,50,American Indian,General Surgery,Not Admitted,3.9,231
P0246,2024-10-25 23:19:37,O,Coleman,Male,48,White,Cardiology,Admitted,8.8,61
P0247,2024-02-29 18:25:26,Y,Morales,Male,59,Hispanic or Latino,Emergency,Admitted,5.5,130
P0248,2025-05-04 07:09:45,A,Gibson,Male,77,American Indian,Orthopedics,Admitted,6.8,142
P0249,2025-06-29 18:19:42,J,Ortiz,Female,2,White,Endocrinology,Not Admitted,6.1,240
P0250,2025-09-05 06:53:44,W,Wells,Female,55,Black or African American,Psychiatry,Admitted,4.0,92
P0251,2024-04-03 16:04:52,V,Carter,Female,55,Unknown,Neurology,Not Admitted,7.5,73
P0252,2024-04-20 22:06:21,Y,Palmer,Male,89,Hispanic or Latino,Neurology,Not Admitted,7.2,107
P0253,2025-09-24 15:36:09,R,Gibson,Female,95,White,Pediatrics,Not Admitted,3.1,79
P0254,2025-08-16 21:50:01,O,Hicks,Female,7,Black or African American,Emergency,Admitted,4.4,49
P0255,2025-03-29 18:40:15,R,Russell,Female,64,Two or More Races,Psychiatry,Not Admitted,2.8,35
P0256,2024-06-09 03:06:15,A,Diaz,Female,74,Black or African American,Emergency,Admitted,1.6,136
P0257,2024-05-16 17:49:18,K,Edwards,Male,37,Two or More Races,Psychiatry,Not Admitted,5.4,103
P0258,2025-10-22 08:00:32,V,Sanchez,Male,39,White,Oncology,Admitted,5.6,235
P0259,2024-04-19 08:45:58,J,Edwards,Male,3,American Indian,Rheumatology,Admitted,4.5,48
P0260,2024-02-08 22:50:42,Z,Wilson,Non-binary,92,Hispanic or Latino,Pulmonology,Not Admitted,2.7,83
P0261,2024-11-22 03:17:08,C,Reyes,Female,23,Unknown,Neurology,Not Admitted,4.8,32
P0262,2025-07-29 16:13:38,L,Reed,Female,49,Asian,Psychiatry,Not Admitted,7.4,105
P0263,2025-07-13 20:46:13,Y,Thompson,Female,74,Hispanic or Latino,Emergency,Admitted,1.4,112
P0264,2025-06-08 05:37:02,K,Cook,Male,5,Two or More Races,Pulmonology,Not Admitted,8.4,212
P0265,2025-03-24 00:22:32,K,McDonald,Female,82,Two or More Races,Pulmonology,Not Admitted,5.7,99
P0266,2024-11-18 13:56:09,U,Webb,Male,78,White,Cardiology,Not Admitted,5.1,83
P0267,2025-12-28 22:36:23,V,Jackson,Male,91,Black or African American,Pediatrics,Admitted,6.1,133
P0268,2025-01-08 14:23:28,X,Ward,Male,74,Asian,Pulmonology,Not Admitted,4.1,218
P0269,2024-08-12 17:40:25,H,Holmes,Female,13,Black or African American,Endocrinology,Not Admitted,4.9,94
P0270,2024-02-24 08:55:13,Z,Hughes,Female,30,Unknown,Pulmonology,Not Admitted,7.5,60
P0271,2025-02-24 01:02:07,G,Gray,Male,67,Unknown,Pulmonology,Not Admitted,5.1,91
P0272,2024-09-20 15:01:25,Z,Jackson,Male,63,White,Pulmonology,Admitted,5.7,89
P0273,2025-08-07 01:50:49,K,Sanders,Male,50,Asian,Pediatrics,Admitted,9.3,150
P0274,2024-09-21 04:03:54,J,Kelly,Non-binary,15,Black or African American,Dermatology,Not Admitted,7.6,156
P0275,2025-05-28 03:17:41,C,Ortiz,Female,66,Two or More Races,Orthopedics,Admitted,1.6,68
P0276,2024-01-19 21:44:19,M,Burns,Male,16,Hispanic or Latino,Orthopedics,Not Admitted,5.7,168
P0277,2024-03-20 03:36:03,I,Ward,Male,76,White,Gastroenterology,Admitted,3.9,109
P0278,2024-02-20 11:02:52,P,Crawford,Female,45,Hispanic or Latino,Nephrology,Not Admitted,2.0,164
P0279,2025-11-06 18:17:34,M,Jenkins,Male,9,White,Dermatology,Admitted,7.3,119
P0280,2025-11-12 05:43:48,R,Graham,Female,16,Black or African American,Gastroenterology,Admitted,7.0,72
P0281,2025-03-18 22:26:41,S,Mason,Male,8,American Indian,Pulmonology,Not Admitted,7.5,191
P0282,2025-02-26 05:31:47,G,Parker,Male,8,American Indian,Pulmonology,Not Admitted,8.1,132
P0283,2024-10-02 21:57:46,Q,Allen,Male,82,Unknown,Pulmonology,Admitted,6.2,227
P0284,2024-08-27 11:25:09,Z,Ramirez,Male,8,Two or More Races,Emergency,Admitted,3.8,193
P0285,2024-10-04 09:54:11,T,Tucker,Non-binary,35,Unknown,General Surgery,Not Admitted,7.5,59
P0286,2025-02-12 14:16:05,T,Davis,Male,50,White,Emergency,Not Admitted,5.7,192
P0287,2025-01-17 09:16:28,D,Myers,Male,13,Unknown,Neurology,Not Admitted,3.4,153
P0288,2025-01-12 18:30:14,Y,Bennett,Female,67,Unknown,Pulmonology,Not Admitted,4.1,239
P0289,2025-01-13 15:45:14,U,Simmons,Female,37,Two or More Races,Rheumatology,Not Admitted,3.4,71
P0290,2025-04-21 07:27:02,P,Hamilton,Female,28,Asian,Oncology,Not Admitted,2.6,13
P0291,2025-08-15 06:12:55,P,Williams,Female,45,White,Gastroenterology,Not Admitted,9.5,40
P0292,2025-01-12 02:16:57,M,Evans,Male,62,Black or African American,Pulmonology,Admitted,5.7,7
P0293,2025-05-06 21:07:07,B,Myers,Male,87,American Indian,Nephrology,Not Admitted,4.7,117
P0294,2024-08-08 20:59:59,O,Tucker,Male,90,White,Pulmonology,Admitted,4.5,71
P0295,2025-06-26 18:28:39,M,Murphy,Male,49,Hispanic or Latino,Cardiology,Admitted,1.1,98
P0296,2024-08-26 05:47:50,Y,Gomez,Male,70,American Indian,Psychiatry,Admitted,5.3,225
P0297,2025-10-23 03:57:33,Y,Cooper,Male,65,Two or More Races,Pulmonology,Not Admitted,9.3,199
P0298,2024-09-23 05:51:17,F,Diaz,Female,20,Two or More Races,Endocrinology,Admitted,2.5,137
P0299,2025-07-12 10:26:50,W,Flores,Female,7,American Indian,Orthopedics,Admitted,4.5,140
P0300,2024-04-02 01:13:46,Y,Gray,Female,86,Two or More Races,Rheumatology,Admitted,3.0,75
P0301,2024-01-02 16:23:23,K,Bennett,Male,54,Two or More Races,General Surgery,Admitted,3.9,67
P0302,2024-07-31 01:42:18,X,Alexander,Male,43,Unknown,Nephrology,Admitted,9.2,129
P0303,2025-04-22 11:19:55,J,Peterson,Female,48,White,Rheumatology,Admitted,7.8,123
P0304,2025-04-08 15:30:50,E,Simpson,Female,69,Two or More Races,Neurology,Not Admitted,7.3,47
P0305,2024-03-01 18:01:53,H,Hunt,Male,37,Black or African American,Psychiatry,Admitted,5.2,128
P0306,2025-09-17 14:42:41,X,Cook,Non-binary,3,Black or African American,Gastroenterology,Not Admitted,5.4,44
P0307,2024-05-21 21:44:37,F,Russell,Male,34,Two or More Races,Pediatrics,Admitted,6.5,43
P0308,2025-10-04 16:31:16,R,Myers,Female,40,American Indian,Neurology,Not Admitted,8.8,8
P0309,2024-01-27 03:56:42,N,Gonzales,Male,41,Two or More Races,Pulmonology,Admitted,9.5,81
P0310,2024-06-25 06:41:37,Z,Henry,Male,14,Hispanic or Latino,General Surgery,Not Admitted,4.2,132
P0311,2024-03-24 06:04:22,O,Palmer,Male,79,Two or More Races,Nephrology,Admitted,9.3,108
P0312,2024-02-27 07:14:12,B,King,Male,13,White,Cardiology,Admitted,2.8,213
P0313,2025-01-07 21:44:22,C,Graham,Male,40,American Indian,Psychiatry,Admitted,4.1,108
P0314,2025-04-30 01:00:56,W,Richardson,Female,17,White,Emergency,Not Admitted,5.7,107
P0315,2025-07-07 07:55:44,P,Jenkins,Male,93,White,General Surgery,Not Admitted,2.4,15
P0316,2024-09-27 15:45:41,Z,Martin,Female,24,Hispanic or Latino,Oncology,Not Admitted,8.5,172
P0317,2025-08-08 03:48:34,A,Hunt,Non-binary,76,Hispanic or Latino,Emergency,Not Admitted,1.2,25
P0318,2025-08-27 22:53:51,P,Hicks,Male,28,Asian,Rheumatology,Admitted,2.5,181
P0319,2024-05-13 21:39:48,J,Roberts,Male,75,Black or African American,Pediatrics,Not Admitted,7.7,117
P0320,2024-09-03 02:00:23,I,Garcia,Female,31,Unknown,Neurology,Not Admitted,4.5,219
P0321,2024-12-12 11:37:51,J,Porter,Male,64,White,General Surgery,Not Admitted,2.6,150
P0322,2024-01-19 13:20:01,M,Wallace,Female,51,Black or African American,Oncology,Not Admitted,2.2,8
P0323,2024-02-27 04:09:29,X,Gray,Female,11,Black or African American,Pediatrics,Admitted,2.5,40
P0324,2025-11-28 11:09:13,Q,Hicks,Male,68,Two or More Races,Pediatrics,Not Admitted,9.1,156
P0325,2025-05-28 16:55:18,V,Graham,Female,28,Black or African American,Oncology,Not Admitted,2.6,23
P0326,2024-09-11 17:42:19,I,Hughes,Male,21,Asian,Emergency,Not Admitted,6.8,233
P0327,2025-04-24 05:39:45,P,James,Female,55,Black or African American,Pediatrics,Not Admitted,8.8,111
P0328,2024-02-12 20:14:07,I,Powell,Male,79,Two or More Races,Endocrinology,Admitted,5.3,127
P0329,2025-03-28 04:07:52,Q,Ward,Male,65,Asian,Pediatrics,Not Admitted,6.0,193
P0330,2025-10-15 15:34:41,I,Graham,Male,53,American Indian,Neurology,Not Admitted,10.0,138
P0331,2025-02-24 23:11:19,L,Roberts,Male,54,Asian,Dermatology,Admitted,4.7,13
P0332,2024-07-09 21:12:00,P,Graham,Female,21,Black or African American,Pulmonology,Admitted,9.4,178
P0333,2024-12-29 00:13:30,K,Moore,Female,7,Unknown,Endocrinology,Admitted,8.8,86
P0334,2024-12-11 14:23:35,J,Allen,Female,13,Two or More Races,Rheumatology,Not Admitted,7.2,88
P0335,2025-01-20 14:09:28,G,Martin,Female,64,American Indian,Oncology,Not Admitted,8.9,119
P0336,2024-10-01 15:21:30,L,Foster,Female,94,Black or African American,Rheumatology,Not Admitted,3.1,216
P0337,2025-04-18 12:19:08,H,Perry,Male,21,White,Orthopedics,Not Admitted,7.2,178
P0338,2024-10-06 02:13:49,S,Stevens,Female,12,American Indian,Neurology,Admitted,1.0,18
P0339,2024-05-29 07:25:04,D,West,Non-binary,9,Hispanic or Latino,Rheumatology,Not Admitted,5.8,198
P0340,2024-03-29 06:12:24,L,Miller,Male,38,Black or African American,Oncology,Not Admitted,4.9,148
P0341,2025-08-12 02:31:47,N,Reed,Female,84,Two or More Races,Endocrinology,Not Admitted,9.7,219
P0342,2024-08-11 11:11:17,T,Flores,Male,30,American Indian,Psychiatry,Not Admitted,8.0,105
P0343,2025-11-10 05:05:17,S,Jones,Male,29,Hispanic or Latino,Dermatology,Admitted,6.6,140
P0344,2025-11-01 22:12:12,K,Turner,Female,10,Asian,Emergency,Admitted,3.7,47
P0345,2024-07-22 07:26:41,F,Alexander,Male,37,Black or African American,Oncology,Admitted,4.3,173
P0346,2025-08-06 22:58:12,K,Foster,Male,70,Asian,Orthopedics,Not Admitted,1.7,102
P0347,2024-08-04 20:55:57,W,Simmons,Female,22,White,Rheumatology,Not Admitted,6.1,177
P0348,2024-04-18 10:15:05,W,Sullivan,Female,34,Black or African American,Dermatology,Admitted,4.3,235
P0349,2025-05-31 18:08:59,O,Evans,Male,36,Black or African American,Psychiatry,Not Admitted,6.2,37
P0350,2024-07-25 19:00:13,E,Brooks,Male,10,Two or More Races,Gastroenterology,Not Admitted,3.5,187
P0351,2025-03-18 01:28:29,U,Cole,Female,89,Two or More Races,Oncology,Not Admitted,1.9,55
P0352,2024-05-15 06:06:21,S,Dixon,Male,25,Black or African American,Nephrology,Not Admitted,2.4,41
P0353,2024-06-27 02:45:12,Z,Perez,Female,41,Black or African American,Gastroenterology,Not Admitted,3.9,218
P0354,2024-04-26 09:19:49,F,Jones,Male,82,Two or More Races,General Surgery,Admitted,3.4,98
P0355,2024-12-24 10:04:23,K,Graham,Male,21,Two or More Races,Endocrinology,Not Admitted,3.3,34
P0356,2024-08-03 06:08:16,P,Brown,Male,65,Hispanic or Latino,Pediatrics,Not Admitted,8.5,138
P0357,2025-10-05 10:04:41,F,Gordon,Female,37,American Indian,Psychiatry,Admitted,5.1,98
P0358,2024-11-28 16:19:45,K,Harrison,Female,1,Asian,Rheumatology,Not Admitted,4.5,123
P0359,2025-07-02 22:03:44,A,Perry,Male,63,Hispanic or Latino,Pulmonology,Not Admitted,2.0,37
P0360,2024-12-06 01:12:23,L,Simpson,Female,29,American Indian,Emergency,Admitted,3.2,76
P0361,2025-11-17 18:01:11,X,Morgan,Female,52,Asian,Endocrinology,Not Admitted,7.3,48
P0362,2025-08-27 18:10:08,T,Coleman,Male,73,Black or African American,Rheumatology,Admitted,2.8,176
P0363,2025-07-27 16:28:32,J,Butler,Male,89,Two or More Races,Dermatology,Admitted,6.3,213
P0364,2025-12-25 10:50:52,T,Watson,Female,57,Asian,Gastroenterology,Admitted,2.9,144
P0365,2024-03-29 10:24:42,R,Marshall,Non-binary,22,White,Neurology,Not Admitted,3.5,32
P0366,2024-10-07 19:26:45,F,King,Male,16,Asian,Gastroenterology,Admitted,1.2,34
P0367,2025-10-15 14:48:10,L,Woods,Female,94,Unknown,Neurology,Admitted,6.1,185
P0368,2025-01-09 18:54:25,I,Robertson,Male,33,Unknown,Orthopedics,Not Admitted,1.1,94
P0369,2025-08-15 11:44:17,R,Cox,Male,25,Hispanic or Latino,Emergency,Admitted,4.7,170
P0370,2024-12-22 00:59:52,K,Wallace,Female,14,American Indian,Pulmonology,Admitted,1.3,156
P0371,2024-10-23 11:41:12,X,Smith,Male,58,Unknown,Nephrology,Not Admitted,4.9,210
P0372,2025-02-19 09:38:34,D,Bennett,Male,35,Black or African American,General Surgery,Not Admitted,2.3,55
P0373,2024-06-05 09:54:24,M,Cox,Female,15,Asian,Emergency,Not Admitted,7.6,22
P0374,2024-05-09 09:13:18,L,Holmes,Female,60,American Indian,Pediatrics,Admitted,9.4,215
P0375,2024-06-10 11:16:02,T,Peterson,Female,43,White,Neurology,Admitted,1.4,34
P0376,2024-10-10 18:53:51,M,Woods,Female,44,Black or African American,Nephrology,Not Admitted,2.1,120
P0377,2024-02-16 16:21:44,F,Wright,Male,34,Asian,Emergency,Admitted,2.5,206
P0378,2024-06-18 02:20:10,O,Tucker,Male,42,Black or African American,Neurology,Not Admitted,1.7,151
P0379,2025-07-15 22:13:21,O,Henderson,Female,7,Two or More Races,Oncology,Admitted,6.1,140
P0380,2024-02-06 06:42:26,N,Bell,Male,48,Black or African American,Pulmonology,Admitted,7.7,151
P0381,2025-11-28 09:55:14,J,Bell,Male,78,Hispanic or Latino,Orthopedics,Admitted,6.3,122
P0382,2024-05-23 22:18:14,G,Holmes,Male,12,Hispanic or Latino,Rheumatology,Not Admitted,3.4,27
P0383,2025-03-19 16:25:25,A,Rogers,Male,79,White,Emergency,Not Admitted,2.3,38
P0384,2024-06-01 08:05:39,L,Black,Male,3,American Indian,Orthopedics,Not Admitted,3.1,58
P0385,2024-12-16 03:03:10,X,Gomez,Male,63,Two or More Races,Pulmonology,Admitted,6.6,120
P0386,2025-07-06 23:15:34,J,McDonald,Male,41,Unknown,Pediatrics,Not Admitted,7.9,50
P0387,2024-01-21 00:11:50,T,Smith,Female,72,White,Psychiatry,Admitted,3.8,212
P0388,2025-10-16 17:58:19,E,Reyes,Female,89,White,Nephrology,Admitted,4.1,69
P0389,2024-06-23 12:42:57,S,Black,Female,68,Two or More Races,Rheumatology,Not Admitted,6.5,72
P0390,2025-07-07 14:50:21,U,Campbell,Female,50,Hispanic or Latino,Nephrology,Admitted,5.4,239
P0391,2024-09-25 10:12:34,U,Ward,Female,47,Two or More Races,Endocrinology,Admitted,2.3,66
P0392,2024-01-17 23:53:51,I,Graham,Female,1,Unknown,Dermatology,Admitted,3.1,56
P0393,2025-07-14 14:22:15,F,Daniels,Male,57,Asian,Psychiatry,Admitted,5.8,74
P0394,2025-01-03 10:11:11,W,Butler,Female,23,Black or African American,Dermatology,Not Admitted,2.5,31
P0395,2024-07-30 12:15:21,V,Murray,Male,22,White,Emergency,Admitted,7.9,61
P0396,2024-08-22 07:27:05,J,Taylor,Male,37,Black or African American,General Surgery,Admitted,6.8,63
P0397,2025-12-12 03:38:22,J,Allen,Female,67,White,Emergency,Admitted,7.1,143
P0398,2025-06-01 13:10:17,D,Gray,Female,74,White,Endocrinology,Admitted,9.9,154
P0399,2025-05-18 10:25:26,O,Ford,Female,90,Unknown,Psychiatry,Not Admitted,1.0,59
P0400,2025-04-11 20:06:28,K,Phillips,Male,28,American Indian,Dermatology,Admitted,4.3,27
P0401,2024-12-14 17:21:58,X,Cooper,Male,89,Asian,Pediatrics,Not Admitted,3.8,93
P0402,2025-03-05 04:20:29,L,Henderson,Male,91,Black or African American,Dermatology,Not Admitted,6.9,139
P0403,2025-04-13 05:58:23,A,Carter,Female,31,Two or More Races,Emergency,Not Admitted,5.9,163
P0404,2025-08-02 06:19:26,Q,Adams,Female,40,Two or More Races,Endocrinology,Not Admitted,7.8,139
P0405,2024-03-06 09:23:25,Q,King,Male,46,White,Emergency,Not Admitted,2.6,128
P0406,2024-11-17 16:21:15,T,Jackson,Female,1,Two or More Races,Neurology,Not Admitted,4.2,233
P0407,2024-07-17 02:51:55,W,Mason,Female,20,Black or African American,Psychiatry,Admitted,9.4,75
P0408,2024-08-30 16:56:49,Y,Griffin,Male,43,Hispanic or Latino,Cardiology,Not Admitted,4.2,135
P0409,2024-12-19 20:41:59,D,Washington,Male,74,Black or African American,Emergency,Admitted,9.0,167
P0410,2024-11-27 21:40:33,U,Davis,Male,13,Two or More Races,Nephrology,Not Admitted,2.5,146
P0411,2025-10-20 22:23:29,O,Crawford,Male,34,Black or African American,Dermatology,Not Admitted,5.9,174
P0412,2025-10-05 17:27:48,C,Cole,Female,36,Hispanic or Latino,Cardiology,Admitted,8.7,29
P0413,2025-08-29 13:59:47,Y,Harris,Male,39,White,Pulmonology,Admitted,1.8,195
P0414,2025-11-22 05:31:27,L,Myers,Male,88,Unknown,Oncology,Not Admitted,4.6,185
P0415,2024-12-10 02:42:28,I,Brooks,Male,67,American Indian,Orthopedics,Admitted,9.4,225
P0416,2024-11-15 08:43:16,V,Nelson,Female,93,Hispanic or Latino,Pulmonology,Admitted,1.3,49
P0417,2025-12-03 16:20:31,M,Bennett,Female,38,Black or African American,Rheumatology,Not Admitted,2.7,190
P0418,2025-06-09 00:24:40,P,Turner,Non-binary,76,Asian,General Surgery,Admitted,10.0,44
P0419,2024-11-20 04:20:53,T,Roberts,Female,44,Black or African American,Oncology,Admitted,5.6,199
P0420,2024-02-09 21:27:17,B,Henderson,Female,54,White,Neurology,Not Admitted,4.2,167
P0421,2025-06-27 01:20:57,N,Bryant,Male,78,American Indian,Cardiology,Admitted,7.1,81
P0422,2025-04-02 19:23:00,Q,Webb,Male,81,Unknown,Emergency,Admitted,1.6,173
P0423,2025-09-11 04:41:13,Z,Parker,Male,91,Black or African American,Psychiatry,Admitted,7.0,98
P0424,2025-03-31 22:30:08,E,Marshall,Female,20,Two or More Races,Neurology,Not Admitted,8.3,58
P0425,2024-07-31 10:51:23,P,Owens,Male,10,Two or More Races,Rheumatology,Admitted,2.8,150
P0426,2024-05-27 08:45:25,Z,James,Female,42,American Indian,Neurology,Not Admitted,2.8,129
P0427,2025-03-04 08:05:03,K,Roberts,Female,25,Black or African American,Psychiatry,Admitted,4.7,191
P0428,2024-04-12 05:57:03,E,Jenkins,Female,82,Two or More Races,Emergency,Not Admitted,6.3,71
P0429,2025-06-30 14:29:48,X,Patterson,Male,83,American Indian,Oncology,Not Admitted,7.3,74
P0430,2025-05-17 03:23:32,I,Alexander,Male,32,Unknown,Nephrology,Not Admitted,1.9,46
P0431,2024-07-06 04:07:44,I,Holmes,Male,32,American Indian,Dermatology,Not Admitted,6.7,189
P0432,2024-06-11 12:53:01,M,Ross,Male,79,Asian,Endocrinology,Not Admitted,1.5,85
P0433,2025-12-13 19:05:27,A,Green,Female,43,Black or African American,Cardiology,Not Admitted,4.6,80
P0434,2025-03-07 07:27:13,P,Cook,Non-binary,66,American Indian,Nephrology,Admitted,9.5,7
P0435,2024-02-02 23:38:01,P,Robertson,Female,12,Hispanic or Latino,General Surgery,Not Admitted,7.2,184
P0436,2025-10-27 14:21:49,Z,Bailey,Female,3,Unknown,Endocrinology,Admitted,4.0,169
P0437,2025-01-29 08:10:45,P,James,Female,75,White,Orthopedics,Not Admitted,4.0,104
P0438,2025-10-11 02:10:40,N,Bell,Male,77,Asian,Dermatology,Admitted,7.1,198
P0439,2025-02-16 05:20:58,Q,Stevens,Male,65,American Indian,Nephrology,Admitted,3.0,198
P0440,2025-07-05 14:14:26,E,Rice,Male,86,White,Gastroenterology,Not Admitted,6.9,108
P0441,2024-08-27 03:22:55,O,Watson,Female,34,American Indian,Psychiatry,Admitted,8.6,166
P0442,2024-09-22 04:09:53,P,Rice,Female,27,Asian,Oncology,Admitted,8.8,64
P0443,2025-06-17 00:18:07,A,Porter,Non-binary,87,American Indian,Pulmonology,Not Admitted,2.1,172
P0444,2024-05-09 00:18:33,W,Hill,Male,51,American Indian,Endocrinology,Admitted,6.3,203
P0445,2024-03-04 06:00:52,X,Owens,Female,31,Asian,Pulmonology,Not Admitted,1.8,58
P0446,2024-05-14 21:07:55,Y,Garcia,Male,78,American Indian,Neurology,Not Admitted,1.5,94
P0447,2025-07-15 19:01:46,D,Black,Female,8,Hispanic or Latino,Emergency,Not Admitted,2.7,199
P0448,2025-04-29 01:37:43,A,Morris,Male,27,Hispanic or Latino,Psychiatry,Not Admitted,7.6,175
P0449,2025-08-20 10:02:20,G,Carter,Male,78,American Indian,Endocrinology,Not Admitted,3.3,65
P0450,2025-01-14 18:17:52,Z,Dixon,Female,75,Asian,Endocrinology,Admitted,6.4,40
P0451,2025-01-09 01:00:25,C,Evans,Male,37,Asian,Cardiology,Admitted,6.5,216
P0452,2024-06-30 05:08:53,C,Stevens,Female,5,Asian,Nephrology,Not Admitted,9.1,78
P0453,2025-01-15 01:14:15,N,Howard,Female,31,Two or More Races,Nephrology,Admitted,9.4,94
P0454,2024-07-17 02:03:23,M,Taylor,Female,87,Hispanic or Latino,Emergency,Not Admitted,3.1,124
P0455,2024-05-03 01:31:44,P,Washington,Male,1,Two or More Races,Oncology,Admitted,6.2,84
P0456,2024-08-06 04:49:08,U,Baker,Male,57,Unknown,Orthopedics,Admitted,2.4,222
P0457,2025-08-29 16:19:36,H,Phillips,Male,47,Asian,Emergency,Admitted,4.6,158
P0458,2024-03-03 05:21:16,W,Myers,Male,5,Black or African American,Gastroenterology,Not Admitted,2.8,139
P0459,2024-12-05 19:39:58,X,Dixon,Non-binary,45,Unknown,Emergency,Not Admitted,1.1,122
P0460,2025-01-08 10:41:40,K,Morris,Female,77,Unknown,Gastroenterology,Not Admitted,7.7,53
P0461,2025-12-15 07:15:26,Y,Garcia,Male,36,Asian,Gastroenterology,Admitted,7.4,74
P0462,2024-11-21 23:15:57,L,Phillips,Male,31,Black or African American,Oncology,Not Admitted,6.4,123
P0463,2024-09-06 05:54:55,N,Garcia,Female,33,Unknown,Neurology,Not Admitted,4.9,122
P0464,2024-04-14 17:01:02,A,Reynolds,Female,87,Asian,Pediatrics,Admitted,3.3,128
P0465,2024-11-25 01:03:48,A,Foster,Male,59,Hispanic or Latino,General Surgery,Not Admitted,7.8,132
P0466,2024-12-22 18:55:56,Q,Wright,Female,46,Two or More Races,Dermatology,Admitted,9.7,41
P0467,2024-10-24 06:09:59,M,Brown,Female,92,Two or More Races,Nephrology,Not Admitted,5.8,116
P0468,2025-01-02 03:01:38,B,Hayes,Female,18,White,Cardiology,Admitted,5.3,37
P0469,2024-07-13 17:27:25,M,Hamilton,Male,62,Two or More Races,Psychiatry,Not Admitted,9.9,123
P0470,2025-06-05 08:26:52,G,Anderson,Male,85,Two or More Races,Orthopedics,Not Admitted,9.6,187
P0471,2025-11-24 15:14:43,K,Scott,Male,80,White,Neurology,Not Admitted,1.8,19
P0472,2024-10-08 03:58:33,T,Ross,Female,39,Two or More Races,Neurology,Admitted,5.1,76
P0473,2024-12-20 18:53:37,M,Morales,Male,94,Asian,Endocrinology,Admitted,8.1,81
P0474,2024-03-19 17:46:26,X,Holmes,Male,35,White,Orthopedics,Not Admitted,3.3,91
P0475,2024-09-13 15:28:36,M,Dixon,Male,84,Two or More Races,Nephrology,Admitted,5.3,203
P0476,2024-12-19 02:01:17,Q,Phillips,Male,87,White,Pediatrics,Not Admitted,6.8,54
P0477,2025-03-07 14:38:29,L,McDonald,Male,71,Black or African American,Dermatology,Admitted,9.7,175
P0478,2024-10-06 20:17:17,B,Holmes,Female,36,American Indian,Orthopedics,Not Admitted,3.1,177
P0479,2025-03-22 01:43:40,Q,Ellis,Non-binary,29,American Indian,General Surgery,Admitted,6.1,170
P0480,2024-03-08 19:28:52,V,Coleman,Female,12,Hispanic or Latino,Neurology,Admitted,6.6,104
P0481,2025-07-26 11:58:16,C,Jenkins,Female,27,Two or More Races,Dermatology,Not Admitted,3.3,132
P0482,2025-06-06 11:47:17,L,Russell,Female,2,Two or More Races,Pulmonology,Not Admitted,3.1,179
P0483,2025-06-15 15:13:56,O,Baker,Male,4,Two or More Races,Pediatrics,Not Admitted,6.8,168
P0484,2024-07-04 06:38:10,F,Palmer,Female,30,Unknown,Pediatrics,Not Admitted,7.6,163
P0485,2024-07-17 03:46:39,W,Stevens,Male,15,American Indian,Dermatology,Admitted,7.4,33
P0486,2025-05-18 09:24:12,T,Jones,Female,83,American Indian,Gastroenterology,Admitted,8.3,202
P0487,2024-10-23 18:09:37,A,Peterson,Female,90,American Indian,Psychiatry,Not Admitted,7.7,80
P0488,2025-06-08 18:12:04,O,Turner,Female,44,Hispanic or Latino,Rheumatology,Not Admitted,2.0,51
P0489,2025-10-25 17:06:03,U,Price,Male,72,Two or More Races,Cardiology,Admitted,5.8,94
P0490,2024-11-18 15:58:51,T,Mason,Female,24,Hispanic or Latino,Pulmonology,Admitted,7.5,68
P0491,2025-08-27 21:35:59,B,Thompson,Female,30,White,Pediatrics,Admitted,1.7,42
P0492,2024-12-12 09:29:19,H,Long,Male,67,White,Pediatrics,Admitted,9.5,183
P0493,2024-02-29 18:04:41,O,Ramirez,Female,78,Asian,Psychiatry,Not Admitted,4.2,117
P0494,2025-03-15 13:17:38,M,Hunt,Female,71,Black or African American,General Surgery,Not Admitted,3.4,144
P0495,2025-02-03 12:13:42,J,Ward,Female,12,Two or More Races,Cardiology,Not Admitted,4.6,193
P0496,2025-08-08 21:00:15,E,Green,Female,49,Asian,Dermatology,Not Admitted,8.0,164
P0497,2024-11-25 09:07:27,R,Hamilton,Female,10,American Indian,Neurology,Admitted,5.0,56
P0498,2025-07-10 23:21:29,H,Murray,Male,56,Asian,Rheumatology,Not Admitted,9.5,98
P0499,2024-07-15 15:46:00,B,Black,Female,73,White,General Surgery,Not Admitted,7.0,133
P0500,2025-08-16 02:17:10,L,Cruz,Female,76,Asian,Cardiology,Admitted,8.7,79
